query_name,ms_blank_01.mzML,ms_data_01.mzML,ms_data_02.mzML,ms_data_03.mzML,ms_data_04.mzML,average,std_dev,RSD_%,valid_%
L-Carnitine,0.468441044364748,0.48566055000024144,0.488969411677859,0.48655541659828677,0.4877750514215413,0.4834802948125353,0.008499474674998685,1.757977474199703,100.0
Malonyl-L-carnitine,,0.673810519623367,0.6748743385122087,0.6740117153262288,0.6741153474213553,0.67420298022079,0.00046511971341239215,0.06898808327131295,80.0
